use team01;

INSERT INTO Category (category_id, name) VALUES
(1, 'Korean'),
(2, 'Japanese'),
(3, 'Chinese'),
(4, 'Western'),
(5, 'Dessert'),
(6, 'Beverage');

INSERT INTO Region (region_id, country, city) VALUES
(1, 'Korea', 'Seoul'),
(2, 'Korea', 'Busan'),
(3, 'Japan', 'Tokyo'),
(4, 'Japan', 'Osaka'),
(5, 'USA', 'New York'),
(6, 'France', 'Paris'),
(7, 'Italy', 'Rome'),
(8, 'China', 'Beijing');

INSERT INTO User (user_id, name, email, password_hash, created_at) VALUES
(1, 'User1', 'user1@example.com', 'hash', '2024-02-27'),
(2, 'User2', 'user2@example.com', 'hash', '2024-01-13'),
(3, 'User3', 'user3@example.com', 'hash', '2024-05-20'),
(4, 'User4', 'user4@example.com', 'hash', '2024-05-05'),
(5, 'User5', 'user5@example.com', 'hash', '2024-04-24'),
(6, 'User6', 'user6@example.com', 'hash', '2024-03-12'),
(7, 'User7', 'user7@example.com', 'hash', '2024-02-22'),
(8, 'User8', 'user8@example.com', 'hash', '2024-10-06'),
(9, 'User9', 'user9@example.com', 'hash', '2024-02-14'),
(10, 'User10', 'user10@example.com', 'hash', '2024-08-04'),
(11, 'User11', 'user11@example.com', 'hash', '2024-01-17'),
(12, 'User12', 'user12@example.com', 'hash', '2024-01-16'),
(13, 'User13', 'user13@example.com', 'hash', '2024-02-17'),
(14, 'User14', 'user14@example.com', 'hash', '2024-04-21'),
(15, 'User15', 'user15@example.com', 'hash', '2024-04-29'),
(16, 'User16', 'user16@example.com', 'hash', '2024-09-15'),
(17, 'User17', 'user17@example.com', 'hash', '2024-01-14'),
(18, 'User18', 'user18@example.com', 'hash', '2024-10-14'),
(19, 'User19', 'user19@example.com', 'hash', '2024-04-11'),
(20, 'User20', 'user20@example.com', 'hash', '2024-10-06'),
(21, 'User21', 'user21@example.com', 'hash', '2024-08-02'),
(22, 'User22', 'user22@example.com', 'hash', '2024-04-22'),
(23, 'User23', 'user23@example.com', 'hash', '2024-08-17'),
(24, 'User24', 'user24@example.com', 'hash', '2024-05-22'),
(25, 'User25', 'user25@example.com', 'hash', '2024-01-04'),
(26, 'User26', 'user26@example.com', 'hash', '2024-03-22'),
(27, 'User27', 'user27@example.com', 'hash', '2024-08-04'),
(28, 'User28', 'user28@example.com', 'hash', '2024-06-23'),
(29, 'User29', 'user29@example.com', 'hash', '2024-05-22'),
(30, 'User30', 'user30@example.com', 'hash', '2024-03-20'),
(31, 'User31', 'user31@example.com', 'hash', '2024-04-20'),
(32, 'User32', 'user32@example.com', 'hash', '2024-06-21'),
(33, 'User33', 'user33@example.com', 'hash', '2024-02-22'),
(34, 'User34', 'user34@example.com', 'hash', '2024-02-17'),
(35, 'User35', 'user35@example.com', 'hash', '2024-07-13'),
(36, 'User36', 'user36@example.com', 'hash', '2024-02-19'),
(37, 'User37', 'user37@example.com', 'hash', '2024-07-02'),
(38, 'User38', 'user38@example.com', 'hash', '2024-06-25'),
(39, 'User39', 'user39@example.com', 'hash', '2024-05-15'),
(40, 'User40', 'user40@example.com', 'hash', '2024-01-23'),
(41, 'User41', 'user41@example.com', 'hash', '2024-08-23'),
(42, 'User42', 'user42@example.com', 'hash', '2024-10-01'),
(43, 'User43', 'user43@example.com', 'hash', '2024-03-04'),
(44, 'User44', 'user44@example.com', 'hash', '2024-07-12'),
(45, 'User45', 'user45@example.com', 'hash', '2024-02-10'),
(46, 'User46', 'user46@example.com', 'hash', '2024-10-09'),
(47, 'User47', 'user47@example.com', 'hash', '2024-05-30'),
(48, 'User48', 'user48@example.com', 'hash', '2024-07-04'),
(49, 'User49', 'user49@example.com', 'hash', '2024-10-22'),
(50, 'User50', 'user50@example.com', 'hash', '2024-04-08');

INSERT INTO Restaurant (rest_id, name, region_id, rating) VALUES
(1, 'Busan Ocean View Grill', 2, 3.57),
(2, 'Osaka Takoyaki Stand', 4, 4.66),
(3, 'Busan Fish Market Diner', 2, 4.78),
(4, 'Haeundae Seafood House', 2, 4.07),
(5, 'Beijing Hutong Kitchen', 8, 4.45),
(6, 'Paris Riverside Bistro', 6, 3.74),
(7, 'Eiffel View Restaurant', 6, 3.81),
(8, 'New York Downtown Diner', 5, 4.55),
(9, 'Busan Harbor BBQ', 2, 4.41),
(10, 'Tokyo Sakura Sushi', 3, 4.3),
(11, 'Osaka Street Food Hall', 4, 3.75),
(12, 'Rome Trastevere Trattoria', 7, 3.9),
(13, 'Dotonbori Noodle House', 4, 4.53),
(14, 'Seoul Han River Grill', 1, 3.84),
(15, 'Seoul Kimchi Kitchen', 1, 4.71),
(16, 'Colosseum View Ristorante', 7, 3.9),
(17, 'Osaka Okonomiyaki Grill', 4, 4.87),
(18, 'Parisienne Wine & Dine', 6, 3.82),
(19, 'Beijing Peking Duck House', 8, 4.09),
(20, 'Forbidden City Diner', 8, 3.71),
(21, 'Tokyo Ramen Street', 3, 3.87),
(22, 'Manhattan Steak & Grill', 5, 4.62),
(23, 'Rome Pasta & Vino', 7, 4.85),
(24, 'Vatican City Bistro', 7, 4.04),
(25, 'Shibuya Noodle Bar', 3, 4.26),
(26, 'Busan Spicy Stew Kitchen', 2, 4.63),
(27, 'Busan Coastal Noodles', 2, 3.73),
(28, 'Tokyo Tempura House', 3, 4.69),
(29, 'Roma Family Pizza House', 7, 4.39),
(30, 'Roman Forum Grill', 7, 4.07),
(31, 'Beijing Noodle & Dumpling', 8, 4.29),
(32, 'Gangnam BBQ House', 1, 4.52),
(33, 'Busan Pier Restaurant', 2, 4.52),
(34, 'Brooklyn Pizza Corner', 5, 4.65),
(35, 'Montmartre Cafe & Brunch', 6, 3.67),
(36, 'Rome Old Town Kitchen', 7, 3.74),
(37, 'Seoul Bibimbap Dining', 1, 4.93),
(38, 'NYC Burger House', 5, 4.96),
(39, 'Ginza Sushi & Sashimi', 3, 4.26),
(40, 'Busan Wave Bistro', 2, 4.81);

INSERT INTO Menu (menu_id, rest_id, category_id, product_name, price, calories, created_at, image_url) VALUES
(1, 20, 6, 'Americano Coffee', 15.15, 403, '2024-03-12', 'images/food_3.jpg'),
(2, 11, 5, 'Classic Tiramisu', 24.07, 743, '2024-01-20', 'images/food_1.jpg'),
(3, 21, 4, 'Classic Cheeseburger', 5.39, 571, '2024-05-08', 'images/food_4.jpg'),
(4, 4, 2, 'Tonkotsu Ramen', 22.56, 280, '2024-02-24', 'images/food_5.jpg'),
(5, 32, 1, 'Kimchi Stew', 24.56, 745, '2024-03-05', 'images/food_2.jpg'),
(6, 31, 5, 'New York Cheesecake', 8.3, 740, '2024-10-14', 'images/food_1.jpg'),
(7, 14, 5, 'Chocolate Lava Cake', 20.11, 405, '2024-12-10', 'images/food_4.jpg'),
(8, 26, 6, 'Caffe Latte', 18.0, 648, '2024-09-15', 'images/food_2.jpg'),
(9, 8, 2, 'Shoyu Ramen', 9.49, 546, '2024-01-19', 'images/food_5.jpg'),
(10, 36, 2, 'Spicy Miso Ramen', 16.77, 207, '2024-02-23', 'images/food_3.jpg'),
(11, 4, 2, 'Salmon Sushi Set', 6.35, 232, '2024-06-03', 'images/food_4.jpg'),
(12, 33, 2, 'Assorted Sashimi Plate', 10.57, 697, '2024-04-18', 'images/food_1.jpg'),
(13, 9, 6, 'Cappuccino', 23.71, 784, '2024-10-16', 'images/food_2.jpg'),
(14, 16, 4, 'Grilled Ribeye Steak', 21.15, 394, '2024-02-04', 'images/food_3.jpg'),
(15, 28, 3, 'Sweet and Sour Pork', 13.47, 678, '2024-12-02', 'images/food_5.jpg'),
(16, 7, 1, 'Beef Bulgogi', 13.05, 547, '2024-02-08', 'images/food_4.jpg'),
(17, 13, 2, 'Chicken Katsu Curry', 15.73, 343, '2024-07-06', 'images/food_1.jpg'),
(18, 18, 4, 'Bacon Carbonara Pasta', 10.0, 277, '2024-08-26', 'images/food_3.jpg'),
(19, 36, 1, 'Spicy Pork Bulgogi', 6.01, 753, '2024-01-03', 'images/food_2.jpg'),
(20, 16, 2, 'Pork Cutlet Bento', 13.13, 692, '2024-04-28', 'images/food_5.jpg'),
(21, 26, 1, 'Stone Pot Bibimbap', 8.29, 202, '2024-07-09', 'images/food_4.jpg'),
(22, 30, 3, 'Black Bean Noodles', 13.46, 769, '2024-11-23', 'images/food_3.jpg'),
(23, 32, 2, 'Eel Rice Bowl', 8.8, 422, '2024-01-19', 'images/food_5.jpg'),
(24, 35, 1, 'Cold Buckwheat Noodles', 19.96, 258, '2024-01-19', 'images/food_1.jpg'),
(25, 31, 5, 'Strawberry Shortcake', 23.39, 743, '2024-03-02', 'images/food_2.jpg'),
(26, 33, 1, 'Soft Tofu Stew', 22.03, 270, '2024-10-03', 'images/food_4.jpg'),
(27, 16, 4, 'Margherita Pizza', 7.4, 783, '2024-04-19', 'images/food_3.jpg'),
(28, 39, 1, 'Spicy Rice Cakes', 17.39, 629, '2024-11-19', 'images/food_5.jpg'),
(29, 37, 5, 'Vanilla Ice Cream Cup', 11.33, 467, '2024-04-22', 'images/food_1.jpg'),
(30, 21, 2, 'Beef Donburi', 10.31, 334, '2024-11-21', 'images/food_4.jpg'),
(31, 20, 4, 'Pepperoni Pizza', 11.32, 274, '2024-01-15', 'images/food_3.jpg'),
(32, 40, 5, 'Matcha Ice Cream Bowl', 24.92, 275, '2024-09-07', 'images/food_1.jpg'),
(33, 33, 3, 'Spicy Seafood Noodles', 7.65, 557, '2024-02-08', 'images/food_2.jpg'),
(34, 24, 3, 'Fried Rice with Shrimp', 8.15, 756, '2024-12-10', 'images/food_5.jpg'),
(35, 40, 6, 'Espresso Shot', 15.58, 767, '2024-05-22', 'images/food_4.jpg'),
(36, 7, 2, 'Tempura Udon', 10.29, 309, '2024-12-18', 'images/food_3.jpg'),
(37, 10, 3, 'Stir-fried Spicy Chicken', 10.64, 415, '2024-12-11', 'images/food_5.jpg'),
(38, 14, 6, 'Vanilla Latte', 17.68, 470, '2024-09-16', 'images/food_1.jpg'),
(39, 17, 1, 'Grilled Mackerel Set', 6.85, 633, '2024-05-02', 'images/food_4.jpg'),
(40, 1, 3, 'Mapo Tofu', 20.42, 468, '2024-03-24', 'images/food_2.jpg'),
(41, 29, 5, 'Caramel Pudding', 19.11, 774, '2024-01-04', 'images/food_3.jpg'),
(42, 5, 6, 'Caramel Macchiato', 23.08, 758, '2024-01-27', 'images/food_1.jpg'),
(43, 24, 5, 'Fresh Fruit Parfait', 16.05, 640, '2024-03-02', 'images/food_4.jpg'),
(44, 20, 3, 'Kung Pao Chicken', 22.98, 240, '2024-06-07', 'images/food_2.jpg'),
(45, 16, 6, 'Cafe Mocha', 7.06, 773, '2024-07-20', 'images/food_5.jpg'),
(46, 10, 2, 'Cold Soba Noodles', 22.29, 381, '2024-07-01', 'images/food_3.jpg'),
(47, 12, 6, 'Cold Brew Coffee', 23.49, 621, '2024-11-28', 'images/food_5.jpg'),
(48, 16, 3, 'Shanghai Fried Noodles', 8.18, 310, '2024-07-28', 'images/food_2.jpg'),
(49, 3, 4, 'Four Cheese Pizza', 9.45, 671, '2024-06-10', 'images/food_4.jpg'),
(50, 15, 2, 'Spicy Tuna Roll', 5.47, 397, '2024-07-11', 'images/food_3.jpg'),
(51, 18, 1, 'Soy Sauce Marinated Crab', 24.34, 485, '2024-06-21', 'images/food_1.jpg'),
(52, 33, 4, 'Chicken Caesar Salad', 18.59, 749, '2024-06-01', 'images/food_5.jpg'),
(53, 8, 3, 'Crispy Fried Dumplings', 8.57, 471, '2024-01-04', 'images/food_2.jpg'),
(54, 39, 4, 'Grilled Chicken Sandwich', 11.91, 521, '2024-07-20', 'images/food_4.jpg'),
(55, 33, 1, 'Soybean Paste Stew', 12.7, 790, '2024-04-09', 'images/food_1.jpg'),
(56, 3, 6, 'Iced Americano', 13.72, 732, '2024-09-22', 'images/food_3.jpg'),
(57, 13, 3, 'Sweet and Sour Chicken', 13.63, 538, '2024-10-11', 'images/food_5.jpg'),
(58, 8, 6, 'Iced Cafe Latte', 23.0, 719, '2024-05-22', 'images/food_2.jpg'),
(59, 27, 3, 'Beef and Broccoli Stir-fry', 13.05, 502, '2024-09-05', 'images/food_4.jpg'),
(60, 13, 4, 'BBQ Pork Ribs', 18.3, 588, '2024-11-24', 'images/food_3.jpg'),
(61, 12, 5, 'Chocolate Brownie Plate', 16.38, 615, '2024-09-27', 'images/food_5.jpg'),
(62, 1, 3, 'Spicy Chili Shrimp', 10.74, 640, '2024-10-20', 'images/food_2.jpg'),
(63, 21, 4, 'Fish and Chips', 13.84, 418, '2024-09-16', 'images/food_1.jpg'),
(64, 11, 6, 'Iced Vanilla Latte', 6.7, 727, '2024-11-21', 'images/food_4.jpg'),
(65, 40, 3, 'Sichuan Hotpot', 6.87, 440, '2024-11-10', 'images/food_3.jpg'),
(66, 15, 2, 'California Roll Set', 7.95, 247, '2024-04-16', 'images/food_5.jpg'),
(67, 40, 1, 'Korean Fried Chicken', 14.11, 789, '2024-04-23', 'images/food_2.jpg'),
(68, 25, 4, 'Seafood Cream Pasta', 12.99, 351, '2024-11-23', 'images/food_1.jpg'),
(69, 1, 1, 'Braised Short Ribs', 20.57, 424, '2024-03-26', 'images/food_4.jpg'),
(70, 34, 4, 'Tomato Basil Pasta', 6.0, 455, '2024-02-15', 'images/food_2.jpg'),
(71, 9, 4, 'Beef Lasagna', 18.35, 772, '2024-10-11', 'images/food_5.jpg'),
(72, 29, 5, 'Macaron Assortment', 21.3, 716, '2024-07-27', 'images/food_1.jpg'),
(73, 36, 4, 'Mushroom Risotto', 22.94, 686, '2024-08-09', 'images/food_3.jpg'),
(74, 16, 6, 'Iced Caramel Latte', 10.55, 733, '2024-08-21', 'images/food_2.jpg'),
(75, 16, 3, 'Egg Fried Rice', 13.8, 492, '2024-04-09', 'images/food_4.jpg'),
(76, 22, 3, 'Twice-cooked Pork', 22.86, 282, '2024-03-05', 'images/food_1.jpg'),
(77, 15, 4, 'Cheese Omelette Brunch', 18.88, 419, '2024-02-14', 'images/food_3.jpg'),
(78, 27, 3, 'Spicy Mala Stir-fry', 15.85, 625, '2024-01-07', 'images/food_5.jpg'),
(79, 27, 4, 'Chicken Alfredo Pasta', 23.1, 798, '2024-12-01', 'images/food_2.jpg'),
(80, 37, 4, 'Salmon Steak Plate', 14.54, 560, '2024-05-25', 'images/food_1.jpg'),
(81, 25, 4, 'Pulled Pork Burger', 15.76, 759, '2024-10-08', 'images/food_4.jpg'),
(82, 32, 2, 'Teriyaki Chicken Plate', 10.46, 697, '2024-01-13', 'images/food_3.jpg'),
(83, 22, 6, 'Green Tea Latte', 18.58, 614, '2024-12-06', 'images/food_1.jpg'),
(84, 30, 2, 'Japanese Hamburg Steak', 24.61, 746, '2024-01-13', 'images/food_5.jpg'),
(85, 38, 5, 'Blueberry Cheesecake', 18.26, 285, '2024-11-14', 'images/food_2.jpg'),
(86, 9, 4, 'Club Sandwich', 8.63, 466, '2024-07-11', 'images/food_1.jpg'),
(87, 14, 4, 'Avocado Toast Brunch', 11.54, 588, '2024-05-25', 'images/food_3.jpg'),
(88, 27, 3, 'Black Bean Fried Rice', 21.7, 681, '2024-01-24', 'images/food_4.jpg'),
(89, 35, 1, 'Spicy Seafood Soup', 25.0, 558, '2024-04-21', 'images/food_2.jpg'),
(90, 5, 6, 'Matcha Latte', 5.81, 231, '2024-04-07', 'images/food_5.jpg'),
(91, 2, 5, 'Honey Butter Toast', 8.05, 329, '2024-08-22', 'images/food_3.jpg'),
(92, 8, 5, 'Lemon Tart', 23.96, 676, '2024-12-09', 'images/food_1.jpg'),
(93, 24, 2, 'Okonomiyaki', 17.12, 317, '2024-03-10', 'images/food_4.jpg'),
(94, 7, 5, 'Banana Split Sundae', 5.51, 519, '2024-10-22', 'images/food_2.jpg'),
(95, 25, 4, 'Chicken Quesadilla', 23.83, 403, '2024-02-19', 'images/food_5.jpg'),
(96, 16, 1, 'Stir-fried Glass Noodles', 18.94, 508, '2024-11-20', 'images/food_3.jpg'),
(97, 8, 5, 'Creme Brulee', 20.65, 555, '2024-09-14', 'images/food_4.jpg'),
(98, 24, 1, 'Korean Pork Cutlet', 15.12, 549, '2024-01-28', 'images/food_1.jpg'),
(99, 27, 4, 'Beef Taco Platter', 7.11, 570, '2024-11-27', 'images/food_2.jpg'),
(100, 30, 6, 'Fresh Orange Juice', 8.06, 380, '2024-12-17', 'images/food_5.jpg'),
(101, 18, 5, 'Red Velvet Cake Slice', 21.16, 751, '2024-08-15', 'images/food_3.jpg'),
(102, 28, 6, 'Fresh Grapefruit Juice', 16.85, 530, '2024-04-27', 'images/food_4.jpg'),
(103, 6, 3, 'Spicy Boiled Beef', 22.63, 449, '2024-08-19', 'images/food_2.jpg'),
(104, 40, 6, 'Homemade Lemonade', 12.58, 229, '2024-08-28', 'images/food_1.jpg'),
(105, 21, 2, 'Takoyaki Platter', 14.75, 563, '2024-05-11', 'images/food_4.jpg'),
(106, 18, 5, 'Chocolate Chip Cookies', 19.02, 482, '2024-09-01', 'images/food_3.jpg'),
(107, 34, 2, 'Salmon Teriyaki Bento', 6.71, 616, '2024-08-18', 'images/food_2.jpg'),
(108, 16, 6, 'Sparkling Lemon Water', 14.52, 702, '2024-08-26', 'images/food_5.jpg'),
(109, 2, 1, 'Kimchi Fried Rice', 10.88, 614, '2024-12-08', 'images/food_3.jpg'),
(110, 20, 6, 'Iced Peach Tea', 16.63, 684, '2024-09-17', 'images/food_1.jpg'),
(111, 23, 4, 'Shrimp Scampi Pasta', 24.93, 763, '2024-06-12', 'images/food_4.jpg'),
(112, 30, 3, 'Pork and Vegetable Dumplings', 11.13, 436, '2024-02-24', 'images/food_2.jpg'),
(113, 13, 3, 'Chili Oil Cold Noodles', 7.39, 748, '2024-12-06', 'images/food_5.jpg'),
(114, 13, 2, 'Pork Shabu-shabu', 19.77, 483, '2024-12-19', 'images/food_3.jpg'),
(115, 34, 5, 'Soft Serve Ice Cream Cone', 10.66, 302, '2024-04-10', 'images/food_1.jpg'),
(116, 15, 3, 'Steamed Pork Buns', 8.59, 214, '2024-12-18', 'images/food_4.jpg'),
(117, 9, 3, 'Braised Eggplant with Garlic', 5.91, 255, '2024-09-10', 'images/food_2.jpg'),
(118, 9, 6, 'Iced Lemon Tea', 22.37, 702, '2024-02-28', 'images/food_5.jpg'),
(119, 1, 5, 'Green Tea Roll Cake', 10.69, 690, '2024-08-11', 'images/food_3.jpg'),
(120, 12, 1, 'Seaweed Rice Roll', 10.05, 689, '2024-02-27', 'images/food_1.jpg'),
(121, 5, 4, 'Roasted Chicken with Herbs', 14.83, 790, '2024-11-22', 'images/food_4.jpg'),
(122, 4, 2, 'Sukiyaki Hotpot', 7.98, 776, '2024-05-03', 'images/food_3.jpg'),
(123, 16, 1, 'Spicy Cold Noodles', 16.16, 626, '2024-10-20', 'images/food_2.jpg'),
(124, 40, 2, 'Chicken Karaage Set', 20.51, 589, '2024-08-15', 'images/food_5.jpg'),
(125, 20, 5, 'Berry Yogurt Bowl', 24.8, 512, '2024-10-20', 'images/food_1.jpg'),
(126, 4, 5, 'Apple Pie with Ice Cream', 24.2, 301, '2024-04-21', 'images/food_4.jpg'),
(127, 14, 3, 'Soy Sauce Chicken', 18.21, 360, '2024-04-06', 'images/food_3.jpg'),
(128, 36, 1, 'Pork Backbone Stew', 8.13, 618, '2024-08-23', 'images/food_2.jpg'),
(129, 39, 4, 'Grilled Vegetable Panini', 10.83, 437, '2024-05-23', 'images/food_5.jpg'),
(130, 19, 6, 'Hot Green Tea', 22.19, 272, '2024-11-08', 'images/food_3.jpg'),
(131, 17, 6, 'Hot Black Tea', 16.8, 402, '2024-07-04', 'images/food_3.jpg'),
(132, 35, 2, 'Japanese Egg Roll', 17.95, 472, '2024-03-03', 'images/food_1.jpg'),
(133, 4, 2, 'Spicy Salmon Bowl', 20.85, 782, '2024-05-15', 'images/food_5.jpg'),
(134, 8, 4, 'Smoked Salmon Bagel', 18.77, 612, '2024-05-17', 'images/food_2.jpg'),
(135, 35, 4, 'French Onion Soup', 13.76, 240, '2024-07-24', 'images/food_4.jpg'),
(136, 21, 5, 'Chocolate Mousse Cup', 10.01, 293, '2024-04-22', 'images/food_1.jpg'),
(137, 37, 5, 'Carrot Cake', 24.02, 475, '2024-10-02', 'images/food_3.jpg'),
(138, 12, 4, 'Tomato Cream Risotto', 15.38, 652, '2024-05-06', 'images/food_5.jpg'),
(139, 38, 4, 'Garlic Butter Shrimp', 17.7, 703, '2024-02-16', 'images/food_2.jpg'),
(140, 23, 4, 'Chicken Fajita Plate', 11.67, 307, '2024-03-11', 'images/food_4.jpg'),
(141, 27, 6, 'Milk Tea', 14.91, 610, '2024-09-02', 'images/food_5.jpg'),
(142, 30, 1, 'Korean Lunch Box', 11.29, 531, '2024-02-25', 'images/food_2.jpg'),
(143, 26, 5, 'Walnut Brownie Sundae', 21.5, 201, '2024-11-28', 'images/food_3.jpg'),
(144, 35, 4, 'BBQ Chicken Pizza', 13.26, 392, '2024-09-12', 'images/food_1.jpg'),
(145, 40, 4, 'Mushroom Cream Pasta', 17.51, 252, '2024-04-09', 'images/food_2.jpg'),
(146, 36, 2, 'Seafood Donburi', 23.55, 648, '2024-12-16', 'images/food_4.jpg'),
(147, 8, 1, 'Grilled Pork Belly', 24.46, 445, '2024-12-06', 'images/food_5.jpg'),
(148, 20, 5, 'Mango Pudding', 5.27, 617, '2024-02-08', 'images/food_1.jpg'),
(149, 8, 4, 'Beef Steak Salad', 23.94, 357, '2024-08-23', 'images/food_3.jpg'),
(150, 19, 5, 'Pistachio Gelato', 19.11, 625, '2024-08-16', 'images/food_4.jpg');

INSERT INTO OrderHistory (order_id, user_id, menu_id, order_date, quantity, amount) VALUES
(1, 16, 117, '2024-09-05', 2, 11.82),
(2, 13, 131, '2024-12-05', 1, 16.8),
(3, 18, 107, '2024-06-26', 3, 20.13),
(4, 18, 1, '2024-05-24', 2, 30.3),
(5, 38, 149, '2024-11-16', 1, 23.94),
(6, 29, 138, '2024-08-12', 2, 30.76),
(7, 36, 140, '2024-07-15', 2, 23.34),
(8, 13, 62, '2024-10-13', 1, 10.74),
(9, 50, 106, '2024-01-11', 3, 57.06),
(10, 31, 98, '2024-07-22', 3, 45.36),
(11, 10, 127, '2024-01-05', 3, 54.63),
(12, 38, 85, '2024-02-28', 2, 36.52),
(13, 7, 135, '2024-08-01', 3, 41.28),
(14, 10, 105, '2024-11-05', 1, 14.75),
(15, 31, 68, '2024-06-20', 3, 38.97),
(16, 26, 21, '2024-06-28', 3, 24.87),
(17, 35, 98, '2024-06-21', 3, 45.36),
(18, 49, 125, '2024-09-02', 3, 74.4),
(19, 5, 61, '2024-11-22', 2, 32.76),
(20, 15, 24, '2024-07-04', 3, 59.88),
(21, 46, 26, '2024-08-06', 3, 66.09),
(22, 20, 8, '2024-01-11', 1, 18.0),
(23, 19, 92, '2024-06-14', 1, 23.96),
(24, 16, 136, '2024-07-19', 3, 30.03),
(25, 12, 44, '2024-03-03', 3, 68.94),
(26, 25, 62, '2024-08-19', 1, 10.74),
(27, 15, 119, '2024-11-09', 2, 21.38),
(28, 17, 3, '2024-08-10', 3, 16.17),
(29, 35, 41, '2024-02-15', 2, 38.22),
(30, 38, 77, '2024-11-14', 3, 56.64),
(31, 17, 117, '2024-05-07', 2, 11.82),
(32, 31, 28, '2024-04-13', 3, 52.17),
(33, 23, 148, '2024-05-23', 2, 10.54),
(34, 2, 102, '2024-05-01', 3, 50.55),
(35, 44, 13, '2024-10-24', 2, 47.42),
(36, 19, 59, '2024-10-26', 2, 26.1),
(37, 15, 49, '2024-10-09', 3, 28.35),
(38, 49, 36, '2024-11-04', 3, 30.87),
(39, 42, 11, '2024-05-26', 2, 12.7),
(40, 3, 149, '2024-06-24', 1, 23.94),
(41, 6, 76, '2024-06-24', 2, 45.72),
(42, 12, 52, '2024-03-26', 3, 55.77),
(43, 24, 136, '2024-09-09', 1, 10.01),
(44, 17, 124, '2024-05-24', 2, 41.02),
(45, 8, 120, '2024-02-05', 1, 10.05),
(46, 44, 102, '2024-09-12', 1, 16.85),
(47, 26, 4, '2024-05-18', 1, 22.56),
(48, 30, 95, '2024-11-24', 3, 71.49),
(49, 17, 150, '2024-07-27', 3, 57.33),
(50, 24, 28, '2024-11-08', 2, 34.78),
(51, 2, 144, '2024-06-20', 1, 13.26),
(52, 42, 17, '2024-11-27', 2, 31.46),
(53, 45, 78, '2024-11-14', 1, 15.85),
(54, 9, 12, '2024-01-10', 2, 21.14),
(55, 8, 25, '2024-04-18', 1, 23.39),
(56, 25, 117, '2024-06-22', 3, 17.73),
(57, 45, 139, '2024-07-19', 3, 53.1),
(58, 47, 40, '2024-07-21', 1, 20.42),
(59, 32, 105, '2024-05-02', 3, 44.25),
(60, 24, 56, '2024-08-15', 1, 13.72),
(61, 24, 26, '2024-11-12', 3, 66.09),
(62, 42, 92, '2024-01-13', 2, 47.92),
(63, 13, 32, '2024-08-03', 3, 74.76),
(64, 14, 6, '2024-01-26', 2, 16.6),
(65, 16, 33, '2024-10-07', 1, 7.65),
(66, 49, 142, '2024-04-19', 1, 11.29),
(67, 15, 85, '2024-03-26', 3, 54.78),
(68, 1, 71, '2024-03-05', 3, 55.05),
(69, 17, 45, '2024-02-22', 1, 7.06),
(70, 9, 4, '2024-06-26', 1, 22.56),
(71, 38, 83, '2024-01-06', 2, 37.16),
(72, 4, 33, '2024-12-14', 3, 22.95),
(73, 8, 17, '2024-08-15', 2, 31.46),
(74, 33, 28, '2024-08-17', 1, 17.39),
(75, 40, 12, '2024-12-26', 3, 31.71),
(76, 34, 78, '2024-08-21', 1, 15.85),
(77, 4, 123, '2024-07-14', 3, 48.48),
(78, 7, 126, '2024-12-15', 1, 24.2),
(79, 6, 83, '2024-10-05', 1, 18.58),
(80, 9, 71, '2024-10-21', 3, 55.05),
(81, 36, 84, '2024-07-20', 3, 73.83),
(82, 19, 117, '2024-09-20', 2, 11.82),
(83, 7, 30, '2024-11-21', 3, 30.93),
(84, 47, 56, '2024-07-15', 1, 13.72),
(85, 27, 87, '2024-08-13', 2, 23.08),
(86, 47, 25, '2024-06-14', 2, 46.78),
(87, 43, 66, '2024-06-05', 3, 23.85),
(88, 31, 18, '2024-02-27', 1, 10.0),
(89, 6, 111, '2024-02-24', 3, 74.79),
(90, 24, 34, '2024-09-02', 3, 24.45),
(91, 36, 144, '2024-06-22', 1, 13.26),
(92, 27, 91, '2024-11-25', 2, 16.1),
(93, 47, 14, '2024-05-20', 2, 42.3),
(94, 23, 27, '2024-10-17', 1, 7.4),
(95, 10, 124, '2024-04-28', 1, 20.51),
(96, 23, 143, '2024-06-04', 2, 43.0),
(97, 37, 58, '2024-07-28', 3, 69.0),
(98, 50, 143, '2024-01-20', 3, 64.5),
(99, 45, 69, '2024-01-06', 2, 41.14),
(100, 45, 80, '2024-06-12', 1, 14.54),
(101, 12, 37, '2024-10-22', 2, 21.28),
(102, 5, 37, '2024-12-21', 1, 10.64),
(103, 6, 136, '2024-04-13', 2, 20.02),
(104, 30, 88, '2024-03-12', 2, 43.4),
(105, 47, 84, '2024-10-20', 1, 24.61),
(106, 4, 40, '2024-03-25', 3, 61.26),
(107, 4, 21, '2024-05-15', 3, 24.87),
(108, 28, 125, '2024-10-15', 2, 49.6),
(109, 18, 56, '2024-09-04', 2, 27.44),
(110, 28, 29, '2024-05-22', 3, 33.99),
(111, 38, 125, '2024-09-22', 2, 49.6),
(112, 3, 57, '2024-07-20', 1, 13.63),
(113, 1, 53, '2024-05-07', 1, 8.57),
(114, 49, 66, '2024-05-11', 1, 7.95),
(115, 1, 128, '2024-12-14', 1, 8.13),
(116, 9, 98, '2024-09-23', 1, 15.12),
(117, 33, 144, '2024-11-26', 2, 26.52),
(118, 5, 102, '2024-12-02', 2, 33.7),
(119, 2, 118, '2024-02-28', 2, 44.74),
(120, 37, 110, '2024-10-13', 3, 49.89),
(121, 41, 107, '2024-05-04', 2, 13.42),
(122, 2, 84, '2024-03-26', 3, 73.83),
(123, 30, 93, '2024-02-14', 1, 17.12),
(124, 16, 112, '2024-10-13', 3, 33.39),
(125, 6, 102, '2024-05-24', 2, 33.7),
(126, 15, 86, '2024-03-03', 3, 25.89),
(127, 41, 30, '2024-09-17', 1, 10.31),
(128, 50, 90, '2024-06-24', 3, 17.43),
(129, 10, 61, '2024-02-05', 2, 32.76),
(130, 13, 45, '2024-10-05', 3, 21.18),
(131, 5, 46, '2024-11-16', 2, 44.58),
(132, 49, 145, '2024-10-15', 3, 52.53),
(133, 37, 83, '2024-11-11', 1, 18.58),
(134, 29, 18, '2024-08-15', 3, 30.0),
(135, 20, 71, '2024-10-02', 2, 36.7),
(136, 33, 19, '2024-05-15', 2, 12.02),
(137, 3, 15, '2024-06-27', 2, 26.94),
(138, 5, 24, '2024-10-20', 3, 59.88),
(139, 25, 119, '2024-10-18', 3, 32.07),
(140, 3, 116, '2024-10-21', 1, 8.59),
(141, 21, 122, '2024-09-05', 1, 7.98),
(142, 29, 27, '2024-06-23', 1, 7.4),
(143, 33, 45, '2024-01-08', 3, 21.18),
(144, 29, 113, '2024-09-17', 3, 22.17),
(145, 11, 94, '2024-06-10', 2, 11.02),
(146, 27, 87, '2024-11-20', 1, 11.54),
(147, 41, 86, '2024-02-11', 1, 8.63),
(148, 36, 99, '2024-05-09', 3, 21.33),
(149, 43, 39, '2024-06-03', 3, 20.55),
(150, 43, 37, '2024-06-10', 3, 31.92),
(151, 45, 101, '2024-03-20', 3, 63.48),
(152, 6, 80, '2024-09-13', 3, 43.62),
(153, 22, 33, '2024-11-23', 3, 22.95),
(154, 44, 135, '2024-02-21', 3, 41.28),
(155, 28, 131, '2024-06-01', 2, 33.6),
(156, 20, 47, '2024-04-11', 2, 46.98),
(157, 13, 58, '2024-03-05', 1, 23.0),
(158, 19, 26, '2024-09-25', 3, 66.09),
(159, 48, 135, '2024-01-22', 2, 27.52),
(160, 50, 34, '2024-10-13', 1, 8.15),
(161, 11, 47, '2024-12-25', 3, 70.47),
(162, 11, 113, '2024-01-14', 2, 14.78),
(163, 44, 61, '2024-08-20', 2, 32.76),
(164, 49, 115, '2024-04-18', 1, 10.66),
(165, 20, 121, '2024-04-12', 3, 44.49),
(166, 37, 113, '2024-08-25', 2, 14.78),
(167, 50, 98, '2024-09-17', 2, 30.24),
(168, 11, 52, '2024-10-05', 2, 37.18),
(169, 4, 124, '2024-06-18', 1, 20.51),
(170, 46, 133, '2024-02-10', 1, 20.85),
(171, 49, 42, '2024-05-15', 3, 69.24),
(172, 10, 112, '2024-02-08', 2, 22.26),
(173, 23, 7, '2024-07-02', 2, 40.22),
(174, 33, 96, '2024-04-13', 1, 18.94),
(175, 24, 58, '2024-01-11', 1, 23.0),
(176, 46, 86, '2024-03-05', 1, 8.63),
(177, 19, 121, '2024-12-27', 1, 14.83),
(178, 49, 121, '2024-08-20', 1, 14.83),
(179, 6, 5, '2024-05-07', 1, 24.56),
(180, 36, 136, '2024-07-04', 2, 20.02),
(181, 16, 78, '2024-02-02', 1, 15.85),
(182, 27, 118, '2024-02-04', 2, 44.74),
(183, 39, 138, '2024-01-21', 3, 46.14),
(184, 37, 62, '2024-12-05', 2, 21.48),
(185, 28, 1, '2024-10-12', 1, 15.15),
(186, 37, 107, '2024-03-22', 3, 20.13),
(187, 6, 135, '2024-06-03', 3, 41.28),
(188, 35, 130, '2024-09-18', 1, 22.19),
(189, 25, 121, '2024-01-21', 2, 29.66),
(190, 24, 65, '2024-12-01', 2, 13.74),
(191, 5, 89, '2024-04-24', 3, 75.0),
(192, 41, 27, '2024-10-24', 2, 14.8),
(193, 9, 12, '2024-06-18', 2, 21.14),
(194, 42, 45, '2024-11-15', 3, 21.18),
(195, 31, 47, '2024-03-03', 3, 70.47),
(196, 50, 118, '2024-01-10', 1, 22.37),
(197, 3, 52, '2024-01-11', 2, 37.18),
(198, 33, 102, '2024-09-16', 2, 33.7),
(199, 3, 49, '2024-05-12', 1, 9.45),
(200, 42, 85, '2024-05-04', 2, 36.52),
(201, 28, 103, '2024-12-15', 2, 45.26),
(202, 22, 48, '2024-08-23', 2, 16.36),
(203, 24, 133, '2024-05-26', 1, 20.85),
(204, 47, 109, '2024-02-14', 3, 32.64),
(205, 12, 140, '2024-05-11', 1, 11.67),
(206, 6, 84, '2024-11-10', 2, 49.22),
(207, 29, 110, '2024-03-23', 2, 33.26),
(208, 23, 115, '2024-01-24', 2, 21.32),
(209, 40, 112, '2024-05-21', 1, 11.13),
(210, 5, 104, '2024-06-17', 3, 37.74),
(211, 44, 41, '2024-01-05', 3, 57.33),
(212, 44, 113, '2024-01-05', 1, 7.39),
(213, 16, 94, '2024-06-13', 3, 16.53),
(214, 3, 40, '2024-11-15', 2, 40.84),
(215, 24, 114, '2024-02-19', 1, 19.77),
(216, 34, 94, '2024-07-11', 3, 16.53),
(217, 18, 64, '2024-02-01', 3, 20.1),
(218, 12, 128, '2024-09-13', 3, 24.39),
(219, 8, 68, '2024-05-23', 2, 25.98),
(220, 14, 74, '2024-12-16', 1, 10.55),
(221, 8, 35, '2024-02-15', 1, 15.58),
(222, 46, 114, '2024-02-26', 3, 59.31),
(223, 21, 89, '2024-12-03', 3, 75.0),
(224, 35, 75, '2024-05-28', 1, 13.8),
(225, 46, 45, '2024-06-17', 1, 7.06),
(226, 8, 52, '2024-03-08', 2, 37.18),
(227, 2, 93, '2024-09-19', 2, 34.24),
(228, 30, 142, '2024-03-20', 1, 11.29),
(229, 5, 80, '2024-07-23', 3, 43.62),
(230, 31, 135, '2024-07-25', 2, 27.52),
(231, 37, 19, '2024-03-11', 3, 18.03),
(232, 5, 116, '2024-08-22', 3, 25.77),
(233, 23, 33, '2024-09-21', 3, 22.95),
(234, 12, 34, '2024-07-17', 1, 8.15),
(235, 8, 133, '2024-03-10', 1, 20.85),
(236, 11, 83, '2024-12-08', 2, 37.16),
(237, 34, 73, '2024-02-09', 1, 22.94),
(238, 41, 142, '2024-05-05', 3, 33.87),
(239, 20, 137, '2024-02-17', 3, 72.06),
(240, 11, 149, '2024-03-06', 3, 71.82),
(241, 40, 87, '2024-10-02', 1, 11.54),
(242, 6, 12, '2024-11-25', 3, 31.71),
(243, 17, 54, '2024-10-14', 3, 35.73),
(244, 41, 8, '2024-08-21', 3, 54.0),
(245, 19, 78, '2024-08-08', 3, 47.55),
(246, 26, 77, '2024-08-03', 3, 56.64),
(247, 4, 41, '2024-08-14', 2, 38.22),
(248, 30, 53, '2024-06-20', 1, 8.57),
(249, 21, 82, '2024-12-28', 2, 20.92),
(250, 26, 34, '2024-06-17', 3, 24.45),
(251, 7, 82, '2024-04-15', 1, 10.46),
(252, 18, 116, '2024-04-05', 1, 8.59),
(253, 4, 75, '2024-07-28', 3, 41.4),
(254, 27, 64, '2024-03-27', 2, 13.4),
(255, 37, 81, '2024-04-25', 1, 15.76),
(256, 32, 132, '2024-08-16', 2, 35.9),
(257, 32, 6, '2024-02-13', 3, 24.9),
(258, 30, 62, '2024-04-19', 2, 21.48),
(259, 4, 13, '2024-05-16', 3, 71.13),
(260, 42, 121, '2024-05-18', 1, 14.83),
(261, 7, 111, '2024-03-09', 3, 74.79),
(262, 24, 104, '2024-06-02', 2, 25.16),
(263, 4, 146, '2024-09-07', 2, 47.1),
(264, 36, 74, '2024-02-13', 3, 31.65),
(265, 29, 141, '2024-05-27', 3, 44.73),
(266, 44, 31, '2024-03-04', 2, 22.64),
(267, 24, 87, '2024-09-12', 1, 11.54),
(268, 13, 131, '2024-07-17', 1, 16.8),
(269, 3, 10, '2024-03-23', 2, 33.54),
(270, 31, 133, '2024-08-05', 3, 62.55),
(271, 33, 36, '2024-06-20', 2, 20.58),
(272, 11, 101, '2024-10-24', 2, 42.32),
(273, 38, 87, '2024-09-27', 3, 34.62),
(274, 35, 126, '2024-12-19', 2, 48.4),
(275, 31, 5, '2024-06-11', 3, 73.68),
(276, 8, 107, '2024-10-10', 3, 20.13),
(277, 45, 7, '2024-10-16', 2, 40.22),
(278, 42, 149, '2024-10-08', 3, 71.82),
(279, 4, 150, '2024-08-06', 3, 57.33),
(280, 41, 98, '2024-03-27', 3, 45.36),
(281, 16, 9, '2024-10-23', 1, 9.49),
(282, 13, 5, '2024-08-11', 2, 49.12),
(283, 10, 106, '2024-12-07', 2, 38.04),
(284, 33, 121, '2024-12-24', 1, 14.83),
(285, 46, 36, '2024-09-07', 3, 30.87),
(286, 21, 123, '2024-09-13', 2, 32.32),
(287, 12, 118, '2024-09-11', 3, 67.11),
(288, 23, 68, '2024-10-16', 1, 12.99),
(289, 16, 72, '2024-09-10', 1, 21.3),
(290, 20, 74, '2024-12-07', 3, 31.65),
(291, 46, 126, '2024-06-16', 2, 48.4),
(292, 36, 71, '2024-05-04', 3, 55.05),
(293, 44, 140, '2024-07-13', 2, 23.34),
(294, 50, 38, '2024-05-02', 2, 35.36),
(295, 46, 21, '2024-06-15', 3, 24.87),
(296, 17, 123, '2024-04-07', 3, 48.48),
(297, 18, 144, '2024-12-09', 1, 13.26),
(298, 7, 62, '2024-04-02', 3, 32.22),
(299, 34, 58, '2024-11-08', 1, 23.0),
(300, 7, 106, '2024-06-23', 2, 38.04),
(301, 7, 36, '2024-01-18', 1, 10.29),
(302, 27, 122, '2024-08-21', 1, 7.98),
(303, 49, 74, '2024-06-10', 3, 31.65),
(304, 4, 23, '2024-11-19', 1, 8.8),
(305, 35, 10, '2024-03-14', 1, 16.77),
(306, 3, 102, '2024-08-06', 3, 50.55),
(307, 19, 10, '2024-01-10', 3, 50.31),
(308, 39, 28, '2024-06-10', 2, 34.78),
(309, 42, 140, '2024-09-16', 1, 11.67),
(310, 33, 120, '2024-05-07', 1, 10.05),
(311, 22, 42, '2024-12-15', 3, 69.24),
(312, 17, 48, '2024-01-24', 2, 16.36),
(313, 19, 146, '2024-11-25', 1, 23.55),
(314, 12, 104, '2024-07-17', 2, 25.16),
(315, 6, 103, '2024-11-04', 1, 22.63),
(316, 9, 123, '2024-06-08', 1, 16.16),
(317, 17, 99, '2024-04-15', 2, 14.22),
(318, 22, 78, '2024-10-24', 3, 47.55),
(319, 1, 67, '2024-11-12', 3, 42.33),
(320, 16, 16, '2024-11-04', 2, 26.1),
(321, 20, 41, '2024-07-22', 3, 57.33),
(322, 46, 80, '2024-12-04', 3, 43.62),
(323, 19, 95, '2024-10-08', 1, 23.83),
(324, 9, 123, '2024-03-15', 3, 48.48),
(325, 39, 96, '2024-07-23', 3, 56.82),
(326, 31, 138, '2024-11-27', 1, 15.38),
(327, 49, 64, '2024-11-25', 3, 20.1),
(328, 6, 135, '2024-08-17', 3, 41.28),
(329, 24, 20, '2024-10-04', 1, 13.13),
(330, 36, 130, '2024-04-19', 3, 66.57),
(331, 10, 43, '2024-06-28', 3, 48.15),
(332, 29, 30, '2024-11-07', 3, 30.93),
(333, 38, 126, '2024-02-17', 2, 48.4),
(334, 4, 117, '2024-03-17', 2, 11.82),
(335, 30, 145, '2024-01-18', 2, 35.02),
(336, 44, 79, '2024-12-01', 2, 46.2),
(337, 17, 1, '2024-12-07', 3, 45.45),
(338, 5, 12, '2024-07-12', 3, 31.71),
(339, 5, 139, '2024-01-03', 2, 35.4),
(340, 3, 74, '2024-07-06', 1, 10.55),
(341, 50, 108, '2024-06-13', 2, 29.04),
(342, 25, 97, '2024-02-22', 3, 61.95),
(343, 35, 35, '2024-11-28', 2, 31.16),
(344, 8, 46, '2024-09-13', 3, 66.87),
(345, 9, 58, '2024-01-25', 1, 23.0),
(346, 20, 119, '2024-11-24', 3, 32.07),
(347, 28, 137, '2024-07-27', 1, 24.02),
(348, 16, 118, '2024-06-05', 2, 44.74),
(349, 13, 29, '2024-01-26', 3, 33.99),
(350, 27, 5, '2024-04-07', 1, 24.56),
(351, 7, 9, '2024-08-20', 3, 28.47),
(352, 46, 13, '2024-04-24', 1, 23.71),
(353, 26, 113, '2024-04-18', 1, 7.39),
(354, 49, 15, '2024-03-17', 2, 26.94),
(355, 15, 148, '2024-06-19', 3, 15.81),
(356, 50, 83, '2024-04-10', 1, 18.58),
(357, 43, 134, '2024-04-14', 2, 37.54),
(358, 18, 16, '2024-09-19', 3, 39.15),
(359, 12, 110, '2024-09-16', 1, 16.63),
(360, 23, 98, '2024-09-11', 3, 45.36),
(361, 27, 105, '2024-03-10', 2, 29.5),
(362, 12, 138, '2024-08-08', 1, 15.38),
(363, 20, 37, '2024-08-02', 3, 31.92),
(364, 27, 107, '2024-09-17', 1, 6.71),
(365, 25, 63, '2024-05-07', 2, 27.68),
(366, 42, 21, '2024-08-28', 2, 16.58),
(367, 6, 138, '2024-12-27', 1, 15.38),
(368, 4, 69, '2024-07-22', 3, 61.71),
(369, 39, 11, '2024-02-07', 3, 19.05),
(370, 47, 144, '2024-04-16', 1, 13.26),
(371, 22, 78, '2024-01-07', 1, 15.85),
(372, 48, 31, '2024-12-25', 2, 22.64),
(373, 16, 53, '2024-07-08', 3, 25.71),
(374, 21, 73, '2024-07-15', 3, 68.82),
(375, 42, 92, '2024-05-09', 2, 47.92),
(376, 33, 128, '2024-08-04', 3, 24.39),
(377, 31, 82, '2024-04-12', 2, 20.92),
(378, 27, 12, '2024-10-28', 1, 10.57),
(379, 48, 38, '2024-01-09', 3, 53.04),
(380, 38, 149, '2024-12-14', 2, 47.88),
(381, 10, 51, '2024-06-08', 2, 48.68),
(382, 37, 63, '2024-08-18', 3, 41.52),
(383, 44, 87, '2024-05-25', 2, 23.08),
(384, 47, 126, '2024-08-06', 3, 72.6),
(385, 23, 44, '2024-03-24', 3, 68.94),
(386, 32, 48, '2024-09-21', 1, 8.18),
(387, 34, 9, '2024-02-27', 3, 28.47),
(388, 4, 2, '2024-07-05', 3, 72.21),
(389, 15, 18, '2024-12-05', 1, 10.0),
(390, 14, 130, '2024-08-12', 1, 22.19),
(391, 40, 124, '2024-11-16', 1, 20.51),
(392, 1, 137, '2024-09-14', 1, 24.02),
(393, 2, 136, '2024-12-09', 3, 30.03),
(394, 19, 5, '2024-09-27', 3, 73.68),
(395, 44, 111, '2024-03-04', 1, 24.93),
(396, 34, 39, '2024-04-07', 3, 20.55),
(397, 34, 65, '2024-06-09', 2, 13.74),
(398, 6, 96, '2024-07-15', 3, 56.82),
(399, 16, 58, '2024-05-22', 1, 23.0),
(400, 42, 9, '2024-02-13', 2, 18.98),
(401, 25, 142, '2024-08-02', 3, 33.87),
(402, 1, 44, '2024-02-16', 2, 45.96),
(403, 42, 85, '2024-10-28', 1, 18.26),
(404, 34, 11, '2024-04-07', 3, 19.05),
(405, 37, 122, '2024-05-02', 1, 7.98),
(406, 44, 72, '2024-09-19', 3, 63.9),
(407, 3, 46, '2024-06-01', 1, 22.29),
(408, 38, 37, '2024-12-27', 2, 21.28),
(409, 5, 77, '2024-03-19', 1, 18.88),
(410, 37, 100, '2024-11-18', 2, 16.12),
(411, 25, 36, '2024-12-24', 1, 10.29),
(412, 33, 89, '2024-01-04', 2, 50.0),
(413, 15, 20, '2024-06-20', 3, 39.39),
(414, 39, 102, '2024-06-01', 3, 50.55),
(415, 18, 116, '2024-08-08', 2, 17.18),
(416, 36, 97, '2024-07-06', 3, 61.95),
(417, 38, 98, '2024-02-25', 3, 45.36),
(418, 19, 64, '2024-12-03', 1, 6.7),
(419, 18, 40, '2024-07-23', 3, 61.26),
(420, 10, 100, '2024-06-12', 1, 8.06),
(421, 6, 2, '2024-05-15', 2, 48.14),
(422, 49, 70, '2024-02-05', 1, 6.0),
(423, 12, 111, '2024-08-18', 3, 74.79),
(424, 33, 105, '2024-02-01', 1, 14.75),
(425, 23, 142, '2024-02-20', 3, 33.87),
(426, 21, 99, '2024-01-10', 2, 14.22),
(427, 25, 22, '2024-12-18', 1, 13.46),
(428, 37, 134, '2024-03-22', 2, 37.54),
(429, 11, 36, '2024-05-10', 2, 20.58),
(430, 32, 38, '2024-02-06', 2, 35.36),
(431, 18, 108, '2024-05-16', 1, 14.52),
(432, 24, 65, '2024-04-24', 3, 20.61),
(433, 32, 51, '2024-08-04', 1, 24.34),
(434, 20, 2, '2024-07-11', 3, 72.21),
(435, 25, 85, '2024-08-11', 2, 36.52),
(436, 42, 35, '2024-05-11', 3, 46.74),
(437, 45, 52, '2024-08-11', 1, 18.59),
(438, 26, 82, '2024-05-24', 3, 31.38),
(439, 41, 126, '2024-10-26', 1, 24.2),
(440, 21, 97, '2024-05-27', 2, 41.3),
(441, 24, 30, '2024-10-07', 3, 30.93),
(442, 35, 47, '2024-11-25', 3, 70.47),
(443, 2, 119, '2024-12-07', 2, 21.38),
(444, 19, 18, '2024-07-22', 2, 20.0),
(445, 9, 78, '2024-04-09', 3, 47.55),
(446, 10, 109, '2024-07-03', 2, 21.76),
(447, 39, 123, '2024-10-13', 3, 48.48),
(448, 33, 108, '2024-09-02', 2, 29.04),
(449, 45, 138, '2024-10-21', 1, 15.38),
(450, 7, 64, '2024-11-22', 2, 13.4),
(451, 11, 12, '2024-10-21', 3, 31.71),
(452, 42, 103, '2024-06-26', 2, 45.26),
(453, 7, 3, '2024-02-09', 1, 5.39),
(454, 33, 133, '2024-09-19', 3, 62.55),
(455, 37, 57, '2024-08-12', 2, 27.26),
(456, 30, 129, '2024-03-12', 1, 10.83),
(457, 31, 27, '2024-05-14', 1, 7.4),
(458, 8, 37, '2024-06-10', 2, 21.28),
(459, 30, 53, '2024-09-16', 2, 17.14),
(460, 31, 25, '2024-08-24', 3, 70.17),
(461, 29, 82, '2024-02-10', 1, 10.46),
(462, 46, 30, '2024-01-28', 2, 20.62),
(463, 42, 28, '2024-11-26', 1, 17.39),
(464, 48, 63, '2024-09-06', 3, 41.52),
(465, 11, 85, '2024-09-14', 2, 36.52),
(466, 15, 104, '2024-11-06', 1, 12.58),
(467, 41, 111, '2024-07-01', 3, 74.79),
(468, 40, 51, '2024-08-19', 2, 48.68),
(469, 25, 2, '2024-12-07', 1, 24.07),
(470, 18, 17, '2024-10-04', 3, 47.19),
(471, 12, 94, '2024-06-07', 2, 11.02),
(472, 8, 68, '2024-11-28', 2, 25.98),
(473, 34, 81, '2024-10-13', 3, 47.28),
(474, 26, 30, '2024-06-12', 2, 20.62),
(475, 40, 45, '2024-11-23', 2, 14.12),
(476, 40, 22, '2024-11-05', 2, 26.92),
(477, 8, 62, '2024-05-04', 1, 10.74),
(478, 24, 37, '2024-09-13', 2, 21.28),
(479, 39, 36, '2024-10-13', 2, 20.58),
(480, 12, 125, '2024-11-18', 3, 74.4),
(481, 42, 45, '2024-09-06', 2, 14.12),
(482, 19, 36, '2024-03-11', 2, 20.58),
(483, 40, 14, '2024-06-01', 2, 42.3),
(484, 9, 50, '2024-07-18', 3, 16.41),
(485, 42, 127, '2024-07-22', 2, 36.42),
(486, 27, 114, '2024-08-06', 1, 19.77),
(487, 37, 8, '2024-04-10', 1, 18.0),
(488, 18, 58, '2024-09-10', 1, 23.0),
(489, 50, 118, '2024-10-24', 2, 44.74),
(490, 36, 131, '2024-02-19', 1, 16.8),
(491, 18, 140, '2024-06-18', 1, 11.67),
(492, 49, 113, '2024-09-07', 2, 14.78),
(493, 7, 64, '2024-05-28', 1, 6.7),
(494, 29, 68, '2024-06-28', 1, 12.99),
(495, 29, 31, '2024-04-07', 3, 33.96),
(496, 38, 90, '2024-12-20', 3, 17.43),
(497, 28, 43, '2024-10-05', 1, 16.05),
(498, 14, 16, '2024-10-12', 3, 39.15),
(499, 18, 138, '2024-03-11', 3, 46.14),
(500, 19, 75, '2024-10-09', 3, 41.4),
(501, 44, 25, '2024-03-25', 2, 46.78),
(502, 4, 71, '2024-11-05', 3, 55.05),
(503, 9, 64, '2024-03-23', 2, 13.4),
(504, 16, 101, '2024-08-05', 3, 63.48),
(505, 41, 69, '2024-11-14', 2, 41.14),
(506, 29, 20, '2024-11-26', 1, 13.13),
(507, 26, 132, '2024-12-09', 3, 53.85),
(508, 24, 117, '2024-08-11', 3, 17.73),
(509, 1, 24, '2024-12-15', 3, 59.88),
(510, 43, 92, '2024-02-26', 3, 71.88),
(511, 26, 56, '2024-07-27', 1, 13.72),
(512, 32, 69, '2024-06-27', 2, 41.14),
(513, 22, 141, '2024-10-05', 3, 44.73),
(514, 32, 88, '2024-11-25', 1, 21.7),
(515, 3, 26, '2024-11-26', 2, 44.06),
(516, 2, 32, '2024-03-15', 2, 49.84),
(517, 1, 110, '2024-04-23', 1, 16.63),
(518, 42, 78, '2024-03-28', 2, 31.7),
(519, 6, 93, '2024-05-03', 2, 34.24),
(520, 43, 43, '2024-01-13', 3, 48.15),
(521, 20, 60, '2024-07-21', 1, 18.3),
(522, 46, 25, '2024-01-07', 2, 46.78),
(523, 5, 34, '2024-10-08', 3, 24.45),
(524, 44, 114, '2024-01-01', 3, 59.31),
(525, 22, 31, '2024-07-23', 1, 11.32),
(526, 31, 19, '2024-04-13', 1, 6.01),
(527, 47, 27, '2024-02-11', 2, 14.8),
(528, 20, 36, '2024-07-25', 1, 10.29),
(529, 42, 37, '2024-02-17', 3, 31.92),
(530, 1, 43, '2024-08-12', 3, 48.15),
(531, 14, 39, '2024-07-20', 3, 20.55),
(532, 29, 56, '2024-02-04', 1, 13.72),
(533, 49, 32, '2024-10-24', 2, 49.84),
(534, 23, 110, '2024-06-26', 1, 16.63),
(535, 16, 71, '2024-11-03', 1, 18.35),
(536, 36, 73, '2024-12-01', 3, 68.82),
(537, 20, 53, '2024-09-20', 3, 25.71),
(538, 13, 101, '2024-05-21', 1, 21.16),
(539, 16, 127, '2024-07-04', 1, 18.21),
(540, 32, 19, '2024-09-01', 2, 12.02),
(541, 21, 34, '2024-07-28', 3, 24.45),
(542, 27, 94, '2024-09-22', 1, 5.51),
(543, 49, 121, '2024-02-01', 3, 44.49),
(544, 5, 4, '2024-05-07', 1, 22.56),
(545, 4, 102, '2024-09-10', 3, 50.55),
(546, 46, 129, '2024-07-14', 3, 32.49),
(547, 26, 22, '2024-11-18', 3, 40.38),
(548, 40, 40, '2024-05-03', 2, 40.84),
(549, 6, 131, '2024-04-26', 1, 16.8),
(550, 35, 84, '2024-07-19', 3, 73.83),
(551, 49, 17, '2024-05-23', 2, 31.46),
(552, 47, 62, '2024-01-08', 1, 10.74),
(553, 28, 30, '2024-08-20', 3, 30.93),
(554, 4, 80, '2024-11-24', 3, 43.62),
(555, 48, 45, '2024-02-01', 3, 21.18),
(556, 9, 3, '2024-03-16', 2, 10.78),
(557, 34, 133, '2024-12-09', 1, 20.85),
(558, 24, 33, '2024-12-25', 2, 15.3),
(559, 47, 31, '2024-01-11', 2, 22.64),
(560, 18, 135, '2024-02-09', 3, 41.28),
(561, 37, 20, '2024-08-15', 3, 39.39),
(562, 24, 15, '2024-08-28', 3, 40.41),
(563, 11, 95, '2024-03-09', 1, 23.83),
(564, 37, 30, '2024-04-24', 3, 30.93),
(565, 1, 12, '2024-01-08', 1, 10.57),
(566, 31, 94, '2024-07-05', 1, 5.51),
(567, 3, 142, '2024-12-24', 3, 33.87),
(568, 27, 58, '2024-06-08', 2, 46.0),
(569, 47, 82, '2024-05-27', 1, 10.46),
(570, 37, 96, '2024-02-17', 3, 56.82),
(571, 4, 46, '2024-04-26', 3, 66.87),
(572, 3, 103, '2024-02-15', 2, 45.26),
(573, 50, 80, '2024-06-03', 3, 43.62),
(574, 30, 3, '2024-06-07', 2, 10.78),
(575, 37, 78, '2024-12-20', 1, 15.85),
(576, 30, 95, '2024-10-16', 1, 23.83),
(577, 47, 140, '2024-04-05', 1, 11.67),
(578, 27, 7, '2024-04-18', 2, 40.22),
(579, 41, 3, '2024-06-01', 3, 16.17),
(580, 25, 79, '2024-02-07', 3, 69.3),
(581, 16, 108, '2024-08-02', 1, 14.52),
(582, 46, 72, '2024-02-02', 1, 21.3),
(583, 34, 106, '2024-12-12', 2, 38.04),
(584, 48, 22, '2024-10-04', 3, 40.38),
(585, 9, 101, '2024-02-19', 3, 63.48),
(586, 4, 112, '2024-11-05', 1, 11.13),
(587, 19, 67, '2024-06-26', 2, 28.22),
(588, 45, 84, '2024-06-15', 2, 49.22),
(589, 15, 20, '2024-04-05', 3, 39.39),
(590, 7, 40, '2024-02-06', 2, 40.84),
(591, 30, 81, '2024-07-04', 3, 47.28),
(592, 23, 54, '2024-08-10', 2, 23.82),
(593, 17, 31, '2024-02-06', 3, 33.96),
(594, 20, 11, '2024-04-27', 2, 12.7),
(595, 10, 24, '2024-12-08', 2, 39.92),
(596, 26, 132, '2024-01-22', 2, 35.9),
(597, 17, 45, '2024-01-13', 2, 14.12),
(598, 36, 141, '2024-04-04', 2, 29.82),
(599, 7, 36, '2024-02-01', 1, 10.29),
(600, 50, 57, '2024-03-07', 2, 27.26),
(601, 24, 22, '2024-10-19', 2, 26.92),
(602, 5, 6, '2024-02-07', 3, 24.9),
(603, 29, 33, '2024-02-28', 2, 15.3),
(604, 8, 11, '2024-08-02', 1, 6.35),
(605, 37, 111, '2024-12-13', 2, 49.86),
(606, 2, 98, '2024-11-14', 1, 15.12),
(607, 23, 55, '2024-03-09', 2, 25.4),
(608, 29, 39, '2024-01-20', 3, 20.55),
(609, 40, 63, '2024-11-10', 2, 27.68),
(610, 27, 141, '2024-08-02', 1, 14.91),
(611, 18, 99, '2024-03-14', 1, 7.11),
(612, 42, 135, '2024-04-21', 3, 41.28),
(613, 2, 98, '2024-12-12', 2, 30.24),
(614, 35, 125, '2024-06-19', 3, 74.4),
(615, 21, 100, '2024-05-06', 1, 8.06),
(616, 21, 57, '2024-01-26', 2, 27.26),
(617, 4, 121, '2024-09-12', 3, 44.49),
(618, 15, 41, '2024-02-08', 3, 57.33),
(619, 16, 69, '2024-09-27', 3, 61.71),
(620, 4, 57, '2024-10-28', 2, 27.26),
(621, 23, 45, '2024-03-08', 3, 21.18),
(622, 21, 92, '2024-10-01', 3, 71.88),
(623, 45, 91, '2024-10-19', 1, 8.05),
(624, 37, 49, '2024-08-18', 2, 18.9),
(625, 12, 126, '2024-01-03', 1, 24.2),
(626, 15, 57, '2024-01-17', 2, 27.26),
(627, 1, 85, '2024-10-07', 1, 18.26),
(628, 22, 46, '2024-06-02', 1, 22.29),
(629, 10, 37, '2024-02-28', 3, 31.92),
(630, 24, 19, '2024-06-23', 3, 18.03),
(631, 26, 26, '2024-06-10', 2, 44.06),
(632, 9, 41, '2024-12-14', 3, 57.33),
(633, 32, 82, '2024-03-23', 3, 31.38),
(634, 45, 92, '2024-04-22', 3, 71.88),
(635, 12, 97, '2024-05-24', 3, 61.95),
(636, 19, 33, '2024-03-24', 1, 7.65),
(637, 45, 147, '2024-07-28', 3, 73.38),
(638, 3, 47, '2024-10-11', 3, 70.47),
(639, 15, 145, '2024-02-16', 1, 17.51),
(640, 22, 20, '2024-04-12', 2, 26.26),
(641, 11, 23, '2024-12-22', 3, 26.4),
(642, 47, 86, '2024-08-01', 2, 17.26),
(643, 14, 64, '2024-12-03', 2, 13.4),
(644, 17, 28, '2024-12-01', 1, 17.39),
(645, 25, 113, '2024-12-14', 1, 7.39),
(646, 27, 127, '2024-07-12', 3, 54.63),
(647, 25, 26, '2024-08-26', 3, 66.09),
(648, 42, 58, '2024-03-15', 1, 23.0),
(649, 3, 76, '2024-01-11', 2, 45.72),
(650, 7, 19, '2024-06-06', 2, 12.02),
(651, 11, 20, '2024-09-03', 2, 26.26),
(652, 39, 124, '2024-12-01', 2, 41.02),
(653, 42, 43, '2024-10-14', 1, 16.05),
(654, 4, 26, '2024-06-07', 1, 22.03),
(655, 27, 142, '2024-12-24', 3, 33.87),
(656, 17, 73, '2024-05-08', 1, 22.94),
(657, 4, 101, '2024-10-18', 2, 42.32),
(658, 10, 14, '2024-06-01', 2, 42.3),
(659, 6, 76, '2024-11-21', 3, 68.58),
(660, 31, 52, '2024-02-01', 1, 18.59),
(661, 11, 75, '2024-02-16', 1, 13.8),
(662, 20, 102, '2024-08-16', 3, 50.55),
(663, 17, 24, '2024-11-18', 2, 39.92),
(664, 12, 95, '2024-07-12', 1, 23.83),
(665, 29, 12, '2024-05-15', 2, 21.14),
(666, 17, 58, '2024-05-19', 1, 23.0),
(667, 10, 25, '2024-02-22', 2, 46.78),
(668, 35, 106, '2024-10-08', 3, 57.06),
(669, 4, 100, '2024-09-14', 3, 24.18),
(670, 44, 122, '2024-10-08', 2, 15.96),
(671, 20, 21, '2024-07-28', 3, 24.87),
(672, 3, 129, '2024-10-17', 3, 32.49),
(673, 44, 38, '2024-02-25', 2, 35.36),
(674, 12, 43, '2024-04-26', 1, 16.05),
(675, 9, 11, '2024-07-03', 3, 19.05),
(676, 28, 52, '2024-11-05', 3, 55.77),
(677, 17, 82, '2024-12-26', 1, 10.46),
(678, 6, 100, '2024-09-13', 3, 24.18),
(679, 21, 71, '2024-09-15', 1, 18.35),
(680, 45, 134, '2024-07-04', 2, 37.54),
(681, 10, 38, '2024-10-19', 3, 53.04),
(682, 49, 26, '2024-02-19', 1, 22.03),
(683, 19, 138, '2024-06-14', 2, 30.76),
(684, 25, 125, '2024-10-20', 2, 49.6),
(685, 3, 45, '2024-05-13', 1, 7.06),
(686, 40, 103, '2024-01-13', 2, 45.26),
(687, 45, 61, '2024-01-24', 2, 32.76),
(688, 18, 96, '2024-01-11', 2, 37.88),
(689, 20, 72, '2024-08-28', 3, 63.9),
(690, 44, 26, '2024-04-05', 2, 44.06),
(691, 48, 114, '2024-06-09', 3, 59.31),
(692, 27, 23, '2024-04-15', 1, 8.8),
(693, 27, 125, '2024-09-28', 2, 49.6),
(694, 4, 132, '2024-03-03', 2, 35.9),
(695, 46, 130, '2024-07-05', 3, 66.57),
(696, 37, 8, '2024-03-07', 1, 18.0),
(697, 4, 64, '2024-01-15', 1, 6.7),
(698, 24, 51, '2024-05-12', 2, 48.68),
(699, 33, 102, '2024-11-04', 3, 50.55),
(700, 2, 62, '2024-06-16', 3, 32.22);

INSERT INTO Review (review_id, user_id, rest_id, score, comment, created_at) VALUES
(1, 29, 12, 4, 'Nice', '2024-09-12'),
(2, 23, 11, 3, 'Tasty', '2024-12-03'),
(3, 19, 2, 4, 'Good', '2024-03-28'),
(4, 37, 14, 2, 'Tasty', '2024-04-22'),
(5, 14, 18, 4, 'Nice', '2024-01-28'),
(6, 50, 1, 4, 'Excellent', '2024-11-06'),
(7, 39, 1, 2, 'Average', '2024-10-26'),
(8, 20, 18, 4, 'Bad', '2024-06-15'),
(9, 17, 14, 4, 'Average', '2024-11-17'),
(10, 40, 26, 5, 'Good', '2024-01-17'),
(11, 43, 24, 5, 'Tasty', '2024-10-20'),
(12, 19, 20, 1, 'Bad', '2024-02-11'),
(13, 18, 21, 3, 'Average', '2024-11-23'),
(14, 42, 20, 2, 'Excellent', '2024-09-25'),
(15, 16, 4, 5, 'Bad', '2024-11-11'),
(16, 44, 9, 1, 'Tasty', '2024-08-10'),
(17, 17, 27, 4, 'Bad', '2024-12-02'),
(18, 38, 37, 2, 'Average', '2024-12-23'),
(19, 15, 35, 4, 'Tasty', '2024-06-17'),
(20, 20, 11, 5, 'Excellent', '2024-05-04'),
(21, 31, 9, 3, 'Tasty', '2024-09-25'),
(22, 12, 22, 1, 'Excellent', '2024-06-08'),
(23, 48, 20, 4, 'Would visit again', '2024-06-12'),
(24, 17, 38, 3, 'Bad', '2024-02-16'),
(25, 4, 38, 5, 'Nice', '2024-02-16'),
(26, 13, 33, 1, 'Would visit again', '2024-11-13'),
(27, 34, 20, 4, 'Good', '2024-03-05'),
(28, 13, 22, 4, 'Nice', '2024-08-05'),
(29, 21, 12, 1, 'Bad', '2024-06-21'),
(30, 12, 21, 1, 'Good', '2024-08-09'),
(31, 14, 11, 5, 'Would visit again', '2024-03-16'),
(32, 49, 6, 2, 'Nice', '2024-07-21'),
(33, 28, 26, 4, 'Bad', '2024-07-01'),
(34, 3, 35, 2, 'Tasty', '2024-06-01'),
(35, 21, 34, 2, 'Good', '2024-11-01'),
(36, 41, 16, 2, 'Tasty', '2024-06-10'),
(37, 9, 7, 4, 'Nice', '2024-10-10'),
(38, 11, 5, 1, 'Average', '2024-05-15'),
(39, 47, 34, 5, 'Nice', '2024-06-14'),
(40, 44, 9, 3, 'Bad', '2024-06-25'),
(41, 13, 11, 4, 'Good', '2024-04-08'),
(42, 47, 9, 2, 'Tasty', '2024-01-19'),
(43, 33, 11, 1, 'Average', '2024-12-21'),
(44, 3, 25, 3, 'Would visit again', '2024-09-20'),
(45, 4, 39, 1, 'Tasty', '2024-02-21'),
(46, 2, 4, 1, 'Bad', '2024-08-13'),
(47, 8, 36, 3, 'Bad', '2024-12-05'),
(48, 14, 1, 3, 'Bad', '2024-11-04'),
(49, 43, 34, 3, 'Nice', '2024-10-23'),
(50, 9, 27, 1, 'Nice', '2024-12-20');

INSERT INTO Trend (trend_id, category_id, year, season, popularity_index) VALUES
(1, 1, 2023, 'Spring', 67),
(2, 1, 2023, 'Summer', 78),
(3, 1, 2023, 'Autumn', 67),
(4, 1, 2023, 'Winter', 66),
(5, 1, 2024, 'Spring', 91),
(6, 1, 2024, 'Summer', 72),
(7, 1, 2024, 'Autumn', 98),
(8, 1, 2024, 'Winter', 72),
(9, 2, 2023, 'Spring', 76),
(10, 2, 2023, 'Summer', 93),
(11, 2, 2023, 'Autumn', 72),
(12, 2, 2023, 'Winter', 82),
(13, 2, 2024, 'Spring', 86),
(14, 2, 2024, 'Summer', 78),
(15, 2, 2024, 'Autumn', 70),
(16, 2, 2024, 'Winter', 62),
(17, 3, 2023, 'Spring', 95),
(18, 3, 2023, 'Summer', 91),
(19, 3, 2023, 'Autumn', 73),
(20, 3, 2023, 'Winter', 90),
(21, 3, 2024, 'Spring', 81),
(22, 3, 2024, 'Summer', 75),
(23, 3, 2024, 'Autumn', 60),
(24, 3, 2024, 'Winter', 60),
(25, 4, 2023, 'Spring', 65),
(26, 4, 2023, 'Summer', 67),
(27, 4, 2023, 'Autumn', 96),
(28, 4, 2023, 'Winter', 91),
(29, 4, 2024, 'Spring', 69),
(30, 4, 2024, 'Summer', 65),
(31, 4, 2024, 'Autumn', 92),
(32, 4, 2024, 'Winter', 64),
(33, 5, 2023, 'Spring', 66),
(34, 5, 2023, 'Summer', 76),
(35, 5, 2023, 'Autumn', 74),
(36, 5, 2023, 'Winter', 89),
(37, 5, 2024, 'Spring', 78),
(38, 5, 2024, 'Summer', 76),
(39, 5, 2024, 'Autumn', 89),
(40, 5, 2024, 'Winter', 63),
(41, 6, 2023, 'Spring', 66),
(42, 6, 2023, 'Summer', 71),
(43, 6, 2023, 'Autumn', 62),
(44, 6, 2023, 'Winter', 78),
(45, 6, 2024, 'Spring', 83),
(46, 6, 2024, 'Summer', 80),
(47, 6, 2024, 'Autumn', 87),
(48, 6, 2024, 'Winter', 67);

INSERT INTO Favorite (fav_id, user_id, rest_id, created_at) VALUES
(1, 1, 10, '2024-01-15'),
(2, 2, 23, '2024-02-12'),
(3, 3, 40, '2024-03-10'),
(4, 4, 12, '2024-04-05'),
(5, 5, 6, '2024-05-18'),
(6, 6, 9, '2024-06-22'),
(7, 7, 34, '2024-07-11'),
(8, 8, 38, '2024-08-02'),
(9, 9, 5, '2024-09-19'),
(10, 10, 6, '2024-10-30'),
(11, 11, 9, '2024-03-14'),
(12, 12, 5, '2024-04-21'),
(13, 13, 40, '2024-05-09'),
(14, 14, 4, '2024-06-16'),
(15, 15, 37, '2024-07-23'),
(16, 16, 30, '2024-08-30'),
(17, 17, 3, '2024-09-12'),
(18, 18, 4, '2024-10-04'),
(19, 19, 22, '2024-11-17'),
(20, 20, 5, '2024-12-25'),
(21, 21, 1, '2024-02-28'),
(22, 22, 14, '2024-03-11'),
(23, 23, 32, '2024-04-02'),
(24, 24, 5, '2024-05-15'),
(25, 25, 11, '2024-06-29'),
(26, 26, 8, '2024-07-20'),
(27, 27, 7, '2024-08-07'),
(28, 28, 14, '2024-09-03'),
(29, 29, 24, '2024-10-10'),
(30, 30, 2, '2024-11-21'),
(31, 31, 7, '2024-01-07'),
(32, 32, 11, '2024-02-19'),
(33, 33, 15, '2024-03-28'),
(34, 34, 38, '2024-04-13'),
(35, 35, 5, '2024-05-27'),
(36, 36, 1, '2024-06-05'),
(37, 37, 1, '2024-07-14'),
(38, 38, 14, '2024-08-23'),
(39, 39, 14, '2024-09-30'),
(40, 40, 37, '2024-10-18'),
(41, 41, 13, '2024-11-08'),
(42, 42, 7, '2024-12-01'),
(43, 43, 18, '2024-01-26'),
(44, 44, 5, '2024-02-17'),
(45, 45, 19, '2024-03-21'),
(46, 46, 21, '2024-04-30'),
(47, 47, 2, '2024-05-12'),
(48, 48, 9, '2024-06-07'),
(49, 49, 6, '2024-07-29'),
(50, 50, 12, '2024-08-15');
